<?xml version="1.0" encoding="UTF-8"?>

<playlistId>
  <try1>
    <try/>
  </try1>
  <sublistId sublistId="try1">
    <musicId musicId="try">
      <musicinfoId musicNameId="" musicTypeId="" musicSingerId="" musicAlbumId=""/>
    </musicId>
  </sublistId>
</playlistId>
<?xml version="1.0" encoding="UTF-8"?>

<playlistId>
  <try1 sublistId="try1">
    <try musicId="try"/>
  </try1>
  <try1 sublistId="try1">
    <try musicId="try"/>
  </try1>
  <sublistId sublistId="try1">
    <musicId musicId="try">
      <musicinfoId musicNameId="" musicTypeId="" musicSingerId="" musicAlbumId=""/>
    </musicId>
  </sublistId>
</playlistId>
<?xml version="1.0" encoding="UTF-8"?>

<playlistId>
  <0>
    <0/>
  </0>
  <try1>
    <try/>
  </try1>
  <try1 sublistId="try1">
    <try musicId="try"/>
  </try1>
  <try1 sublistId="try1">
    <try musicId="try"/>
  </try1>
  <sublistId sublistId="try1">
    <musicId musicId="try">
      <musicinfoId musicNameId="" musicTypeId="" musicSingerId="" musicAlbumId=""/>
    </musicId>
  </sublistId>
</playlistId>
